loyalty_id,phone,date_joined,loyalty,birthday,email,is_active,shop_id
LID0001,+18074424661,2022-09-14,True,1979-09-20,user1@example.com,False,1
LID0002,+17947302289,2024-07-21,True,1986-12-15,user2@example.com,False,1
LID0003,+13086740390,2023-11-06,True,1976-06-23,user3@example.com,True,1
LID0004,+11919295801,2024-08-17,False,1975-01-17,user4@example.com,True,1
LID0005,+18127406332,2023-05-12,True,1976-11-13,user5@example.com,True,1
LID0006,+14423525445,2022-12-13,True,2002-03-22,user6@example.com,False,1
LID0007,+17124375621,2023-01-22,False,1978-06-09,user7@example.com,False,1
LID0008,+12915887832,2022-10-18,True,2001-03-08,user8@example.com,True,1
LID0009,+17585341612,2022-08-04,False,1995-12-06,user9@example.com,False,1
LID0010,+16356357256,2023-04-05,True,2002-08-24,user10@example.com,False,1
LID0011,+19538769799,2023-03-13,False,1980-06-18,user11@example.com,True,1
LID0012,+11807347594,2024-08-12,False,1987-02-13,user12@example.com,True,1
LID0013,+12142875761,2022-04-13,False,1980-03-07,user13@example.com,False,1
LID0014,+14340276981,2023-10-20,False,1993-08-01,user14@example.com,False,1
LID0015,+16704682873,2024-10-11,False,1978-04-29,user15@example.com,True,1
LID0016,+12917787974,2023-03-31,True,1988-08-20,user16@example.com,False,1
LID0017,+16725797097,2022-05-29,False,1990-09-21,user17@example.com,False,1
LID0018,+18938230560,2021-12-19,True,1998-07-13,user18@example.com,False,1
LID0019,+17312945446,2023-03-01,False,1995-11-17,user19@example.com,False,1
LID0020,+11744676478,2024-04-03,True,1988-08-27,user20@example.com,False,1
LID0021,+18970742495,2023-01-04,False,1993-10-25,user21@example.com,True,1
LID0022,+15850938451,2022-11-18,True,1979-10-30,user22@example.com,True,1
LID0023,+15109489210,2022-10-03,False,1984-03-28,user23@example.com,True,1
LID0024,+17087458366,2023-03-04,False,1997-01-04,user24@example.com,True,1
LID0025,+12651001117,2022-02-22,True,1989-03-04,user25@example.com,True,1
LID0026,+19650750798,2024-03-13,False,1980-01-24,user26@example.com,False,1
LID0027,+15998342780,2024-02-04,False,1990-12-28,user27@example.com,False,1
LID0028,+12227331079,2022-01-15,False,1981-02-24,user28@example.com,False,1
LID0029,+11272956898,2022-04-07,True,1992-11-17,user29@example.com,True,1
LID0030,+12018284793,2024-08-12,True,1978-11-20,user30@example.com,False,1
LID0031,+14751455507,2022-11-03,False,1994-03-08,user31@example.com,False,1
LID0032,+15500078196,2022-08-21,False,1994-10-30,user32@example.com,True,1
LID0033,+11029916152,2022-09-25,False,1996-12-19,user33@example.com,False,1
LID0034,+13248653736,2022-02-03,False,1997-01-14,user34@example.com,True,1
LID0035,+11081430938,2024-01-04,False,1994-01-09,user35@example.com,True,1
LID0036,+12366251410,2023-09-25,True,1996-01-04,user36@example.com,True,1
LID0037,+14418593117,2024-10-22,True,1984-07-20,user37@example.com,False,1
LID0038,+14124073667,2024-10-25,False,1997-12-16,user38@example.com,False,1
LID0039,+13457748052,2023-10-12,False,2002-04-08,user39@example.com,False,1
LID0040,+15642854504,2022-02-01,True,1986-04-12,user40@example.com,True,1
LID0041,+14624193407,2023-02-10,True,2003-02-01,user41@example.com,True,1
LID0042,+13396588114,2021-12-13,False,1989-10-12,user42@example.com,False,1
LID0043,+18099564905,2022-11-25,True,1989-09-07,user43@example.com,True,1
LID0044,+15224166491,2022-08-23,False,1998-09-12,user44@example.com,False,1
LID0045,+15963529589,2022-12-25,False,2002-11-04,user45@example.com,False,1
LID0046,+15201038442,2023-04-27,False,1977-02-28,user46@example.com,False,1
LID0047,+12170482703,2022-10-12,True,1989-01-02,user47@example.com,False,1
LID0048,+14050515028,2023-11-07,False,1984-12-13,user48@example.com,False,1
LID0049,+19076862065,2022-03-11,False,1999-10-02,user49@example.com,True,1
LID0050,+15237003683,2024-04-21,True,1984-08-17,user50@example.com,True,1
LID0051,+15243481063,2023-05-30,True,1982-02-20,user51@example.com,False,1
LID0052,+18590562683,2023-10-24,False,2000-02-03,user52@example.com,True,1
LID0053,+18865438215,2023-12-24,True,1987-03-20,user53@example.com,False,1
LID0054,+14910770219,2024-01-27,True,2003-06-18,user54@example.com,False,1
LID0055,+18279873263,2022-12-14,False,2002-08-30,user55@example.com,True,1
LID0056,+16581741975,2023-09-05,True,1998-11-01,user56@example.com,False,1
LID0057,+19701567953,2022-11-11,True,1991-07-16,user57@example.com,False,1
LID0058,+13403054229,2022-05-23,False,1990-05-05,user58@example.com,False,1
LID0059,+19634196765,2022-04-21,False,2004-09-03,user59@example.com,False,1
LID0060,+11174062659,2024-08-23,True,1979-03-27,user60@example.com,True,1
LID0061,+16210144971,2022-10-12,True,1990-04-01,user61@example.com,False,1
LID0062,+15144163170,2021-11-23,True,1999-11-07,user62@example.com,True,1
LID0063,+17356735718,2023-11-09,True,1994-02-10,user63@example.com,False,1
LID0064,+18083891065,2023-03-27,False,1999-11-02,user64@example.com,False,1
LID0065,+11645361553,2024-07-16,True,1986-12-01,user65@example.com,False,1
LID0066,+14845648202,2024-03-01,False,1996-03-16,user66@example.com,True,1
LID0067,+17799413614,2022-11-01,False,1980-04-02,user67@example.com,False,1
LID0068,+17861323584,2022-02-03,True,1998-03-29,user68@example.com,False,1
LID0069,+16183423501,2021-11-14,False,2003-02-07,user69@example.com,True,1
LID0070,+16135379840,2022-09-13,False,1981-12-28,user70@example.com,False,1
LID0071,+11653898247,2022-05-21,True,1995-05-26,user71@example.com,True,1
LID0072,+14449419155,2023-10-07,False,1975-06-16,user72@example.com,True,1
LID0073,+14041343491,2023-04-19,True,2004-02-21,user73@example.com,False,1
LID0074,+16805933726,2022-11-22,False,1978-07-25,user74@example.com,True,1
LID0075,+14606631467,2021-11-26,False,1998-12-10,user75@example.com,False,1
LID0076,+14688371303,2023-07-13,False,1976-12-17,user76@example.com,False,1
LID0077,+17924264671,2023-02-23,True,1988-06-23,user77@example.com,True,1
LID0078,+19790877841,2023-09-22,True,1981-10-03,user78@example.com,False,1
LID0079,+11809670344,2023-05-31,False,1982-11-10,user79@example.com,True,1
LID0080,+15323746836,2022-06-14,True,1999-11-21,user80@example.com,True,1
LID0081,+11669603085,2024-03-08,True,1995-09-24,user81@example.com,False,1
LID0082,+19277692953,2023-10-08,False,1985-02-19,user82@example.com,True,1
LID0083,+12212735557,2023-08-12,False,1980-12-15,user83@example.com,False,1
LID0084,+11430739066,2024-05-24,True,2000-10-03,user84@example.com,True,1
LID0085,+17711904549,2024-08-04,True,1994-06-10,user85@example.com,True,1
LID0086,+18319686527,2022-05-02,True,1981-06-05,user86@example.com,True,1
LID0087,+11816933871,2024-01-04,False,1998-08-11,user87@example.com,True,1
LID0088,+11935012091,2022-12-03,False,1991-12-15,user88@example.com,True,1
LID0089,+19284750002,2024-06-04,False,1992-04-30,user89@example.com,True,1
LID0090,+13631707304,2024-02-12,False,1977-11-14,user90@example.com,False,1
LID0091,+14438207791,2022-05-30,False,1992-10-09,user91@example.com,False,1
LID0092,+12312444364,2023-07-30,False,1998-06-27,user92@example.com,False,1
LID0093,+17747844697,2022-05-21,True,2001-03-20,user93@example.com,False,1
LID0094,+14862904475,2022-12-02,True,1984-09-24,user94@example.com,True,1
LID0095,+19200630971,2024-08-31,True,2004-01-21,user95@example.com,True,1
LID0096,+11508172772,2023-06-15,False,1979-01-24,user96@example.com,False,1
LID0097,+13004592544,2023-08-11,True,1995-09-03,user97@example.com,False,1
LID0098,+13140998659,2024-10-01,False,1986-05-20,user98@example.com,False,1
LID0099,+18543894358,2023-03-18,True,1991-05-22,user99@example.com,False,1
LID0100,+13953035474,2022-10-24,False,1977-08-14,user100@example.com,False,1
LID0101,+19649476933,2024-05-18,True,2004-09-02,user101@example.com,True,1
LID0102,+11771886931,2024-01-31,True,1980-06-12,user102@example.com,False,1
LID0103,+18073950407,2024-07-18,True,1992-10-09,user103@example.com,True,1
LID0104,+16363233953,2024-01-03,True,1990-05-07,user104@example.com,False,1
LID0105,+12661574932,2022-08-15,False,1978-10-03,user105@example.com,False,1
LID0106,+14333830283,2022-10-18,True,1993-01-10,user106@example.com,True,1
LID0107,+11751734761,2023-04-09,False,1998-02-17,user107@example.com,True,1
LID0108,+11890744275,2023-11-17,True,1980-05-31,user108@example.com,False,1
LID0109,+13579454821,2022-07-29,True,1992-11-17,user109@example.com,True,1
LID0110,+18224771712,2024-10-22,True,1989-11-06,user110@example.com,False,1
LID0111,+13328245073,2022-09-08,False,2001-05-24,user111@example.com,True,1
LID0112,+17166198354,2022-04-25,True,2002-11-16,user112@example.com,True,1
LID0113,+11980390837,2021-12-08,True,2004-06-15,user113@example.com,True,1
LID0114,+11858877003,2022-10-10,False,1993-06-18,user114@example.com,True,1
LID0115,+14944817863,2023-04-08,False,1995-08-19,user115@example.com,True,1
LID0116,+13506171223,2022-10-05,False,2000-02-14,user116@example.com,True,1
LID0117,+13044052202,2024-08-02,True,1977-04-19,user117@example.com,True,1
LID0118,+19767448222,2023-11-20,False,1979-07-28,user118@example.com,True,1
LID0119,+14419253294,2022-01-08,True,1977-09-02,user119@example.com,True,1
LID0120,+11845755539,2023-02-22,True,1990-10-04,user120@example.com,True,1
LID0121,+17592880088,2022-11-01,True,1984-07-20,user121@example.com,False,1
LID0122,+18529546608,2023-07-28,True,1996-11-19,user122@example.com,True,1
LID0123,+13091218250,2024-03-14,False,1992-06-02,user123@example.com,True,1
LID0124,+18847289257,2021-11-14,False,1976-01-12,user124@example.com,False,1
LID0125,+12247462489,2024-08-19,False,2000-03-30,user125@example.com,True,1
LID0126,+19951648034,2024-03-07,False,2003-01-04,user126@example.com,True,1
LID0127,+17616923566,2024-06-01,True,1981-09-24,user127@example.com,True,1
LID0128,+19126891742,2022-10-13,True,1989-01-16,user128@example.com,True,1
LID0129,+14845928684,2024-02-10,False,1999-10-28,user129@example.com,False,1
LID0130,+11132435530,2024-07-08,True,1982-07-02,user130@example.com,True,1
LID0131,+13765889873,2024-03-06,True,2002-04-26,user131@example.com,True,1
LID0132,+15459488481,2022-08-26,True,1981-01-17,user132@example.com,False,1
LID0133,+13214492263,2021-12-25,False,2004-03-27,user133@example.com,False,1
LID0134,+17613158556,2022-04-26,True,1994-07-19,user134@example.com,True,1
LID0135,+19830033637,2023-09-17,True,1985-07-15,user135@example.com,True,1
LID0136,+18077707404,2023-03-05,True,1986-03-21,user136@example.com,False,1
LID0137,+17509248888,2022-11-30,True,1992-02-10,user137@example.com,True,1
LID0138,+19437917487,2022-11-21,False,1988-10-20,user138@example.com,True,1
LID0139,+17713938734,2024-02-11,False,1980-11-09,user139@example.com,False,1
LID0140,+18190076579,2023-04-23,False,1994-05-07,user140@example.com,False,1
LID0141,+17179739053,2024-02-23,False,2002-03-06,user141@example.com,False,1
LID0142,+16166849567,2024-06-18,True,1991-10-16,user142@example.com,True,1
LID0143,+13045032308,2024-09-27,False,1984-06-02,user143@example.com,True,1
LID0144,+11929826965,2022-01-31,False,1992-11-02,user144@example.com,True,1
LID0145,+13350786535,2024-02-28,False,1999-03-25,user145@example.com,True,1
LID0146,+18346410188,2023-02-07,False,1984-03-25,user146@example.com,False,1
LID0147,+16594084412,2022-07-23,False,1989-05-06,user147@example.com,False,1
LID0148,+16648979445,2023-11-25,True,1998-10-25,user148@example.com,False,1
LID0149,+14635689351,2022-02-13,True,1999-11-16,user149@example.com,True,1
LID0150,+19839408179,2024-01-11,True,1993-07-30,user150@example.com,True,1
LID0151,+13717289163,2022-04-20,False,2000-07-10,user151@example.com,True,1
LID0152,+13235974997,2023-04-14,True,2002-05-03,user152@example.com,True,1
LID0153,+14326370812,2023-08-26,False,1990-07-07,user153@example.com,True,1
LID0154,+18334640433,2024-10-13,False,1993-08-22,user154@example.com,True,1
LID0155,+19085704096,2024-03-14,False,1984-06-09,user155@example.com,True,1
LID0156,+14726615080,2023-10-14,False,1993-05-27,user156@example.com,False,1
LID0157,+11890681203,2022-01-13,True,2000-04-10,user157@example.com,False,1
LID0158,+18086007543,2024-01-15,True,1980-08-15,user158@example.com,True,1
LID0159,+19385936361,2023-07-20,True,1987-07-19,user159@example.com,False,1
LID0160,+14574253381,2023-08-23,True,1994-06-08,user160@example.com,False,1
LID0161,+14439897203,2024-10-03,True,1989-07-05,user161@example.com,False,1
LID0162,+11827502661,2023-08-09,True,1996-12-02,user162@example.com,False,1
LID0163,+17053965375,2021-12-03,False,1976-05-05,user163@example.com,True,1
LID0164,+19564140782,2024-06-15,False,2000-07-09,user164@example.com,False,1
LID0165,+18329212783,2022-10-31,True,2004-05-27,user165@example.com,True,1
LID0166,+12153000159,2024-03-09,False,2002-07-17,user166@example.com,False,1
LID0167,+11219465332,2023-08-23,False,2003-03-14,user167@example.com,True,1
LID0168,+14037749538,2021-12-01,False,1993-03-22,user168@example.com,True,1
LID0169,+15523620991,2024-08-10,False,1984-09-27,user169@example.com,False,1
LID0170,+19844292760,2023-05-17,False,1983-10-07,user170@example.com,True,1
LID0171,+14911295577,2023-04-03,False,1993-08-29,user171@example.com,True,1
LID0172,+13454314590,2022-04-09,True,2003-02-14,user172@example.com,False,1
LID0173,+19639286879,2022-03-04,False,1987-01-11,user173@example.com,True,1
LID0174,+19585414733,2021-12-05,True,1981-12-15,user174@example.com,True,1
LID0175,+15374610129,2023-07-14,True,1987-07-11,user175@example.com,True,1
LID0176,+13001924435,2023-03-27,True,1978-03-30,user176@example.com,True,1
LID0177,+18738611288,2022-11-19,False,1999-05-01,user177@example.com,False,1
LID0178,+13555483933,2023-01-30,True,1990-04-05,user178@example.com,False,1
LID0179,+18032167283,2024-10-17,True,1978-02-15,user179@example.com,False,1
LID0180,+13672356806,2022-05-30,True,1976-07-27,user180@example.com,True,1
LID0181,+14443738117,2023-09-23,False,1987-07-15,user181@example.com,False,1
LID0182,+11027186971,2024-07-09,True,1979-04-06,user182@example.com,False,1
LID0183,+15840073899,2022-11-22,False,1989-08-19,user183@example.com,False,1
LID0184,+15995107596,2022-01-26,False,2001-03-04,user184@example.com,False,1
LID0185,+13916737107,2024-03-13,True,1988-09-12,user185@example.com,False,1
LID0186,+18473129544,2023-07-14,False,2001-12-21,user186@example.com,False,1
LID0187,+15155588965,2024-09-28,False,2000-07-13,user187@example.com,True,1
LID0188,+19089727082,2022-11-30,True,1980-12-29,user188@example.com,False,1
LID0189,+11565414440,2024-04-28,True,1980-11-29,user189@example.com,True,1
LID0190,+12146984720,2022-01-07,True,1992-11-13,user190@example.com,False,1
LID0191,+11188886034,2024-01-15,False,1982-02-08,user191@example.com,False,1
LID0192,+13049411334,2022-11-17,False,1980-05-16,user192@example.com,False,1
LID0193,+14913020368,2024-03-30,True,2003-04-15,user193@example.com,False,1
LID0194,+14330624408,2024-01-07,True,1992-06-14,user194@example.com,False,1
LID0195,+17736861922,2023-05-14,True,2002-11-08,user195@example.com,False,1
LID0196,+14011289755,2023-08-21,True,1983-03-11,user196@example.com,False,1
LID0197,+15315192796,2022-04-11,True,1980-06-10,user197@example.com,False,1
LID0198,+17765985802,2022-01-10,True,1990-04-14,user198@example.com,True,1
LID0199,+16153492621,2023-08-21,True,1994-05-30,user199@example.com,False,1
LID0200,+12343923226,2023-04-02,False,1985-01-12,user200@example.com,True,1
LID0201,+17292046044,2022-02-27,False,2000-08-26,user201@example.com,True,1
LID0202,+16311989709,2024-08-04,False,1996-02-23,user202@example.com,False,1
LID0203,+18863249617,2022-04-16,False,2000-01-06,user203@example.com,True,1
LID0204,+14347746370,2021-12-31,True,2003-03-29,user204@example.com,False,1
LID0205,+16408433124,2022-04-29,True,1994-10-01,user205@example.com,True,1
LID0206,+14569858671,2024-10-21,False,1996-04-11,user206@example.com,True,1
LID0207,+19809272065,2022-08-24,False,2004-03-24,user207@example.com,True,1
LID0208,+11982631083,2022-01-20,True,1984-05-08,user208@example.com,False,1
LID0209,+11887412654,2023-11-05,False,1990-02-05,user209@example.com,True,1
LID0210,+15638783897,2023-11-01,False,1991-07-07,user210@example.com,False,1
LID0211,+19331580578,2023-04-09,True,1981-03-19,user211@example.com,True,1
LID0212,+14472770081,2022-11-18,True,1980-08-06,user212@example.com,False,1
LID0213,+11331594781,2024-01-31,True,1991-06-30,user213@example.com,True,1
LID0214,+17535565610,2022-03-26,False,1986-11-14,user214@example.com,False,1
LID0215,+19469013778,2023-08-17,False,1995-01-26,user215@example.com,False,1
LID0216,+12727274456,2023-10-02,False,1978-03-29,user216@example.com,True,1
LID0217,+18071065848,2024-10-27,True,1994-05-27,user217@example.com,False,1
LID0218,+17284634914,2023-10-15,False,1996-09-07,user218@example.com,False,1
LID0219,+15822034167,2024-09-18,True,1995-03-31,user219@example.com,False,1
LID0220,+18293000058,2023-12-16,True,1995-12-16,user220@example.com,False,1
LID0221,+14912141115,2023-05-22,True,1995-06-19,user221@example.com,True,1
LID0222,+15974894940,2022-09-25,False,1981-12-12,user222@example.com,False,1
LID0223,+14013281529,2022-03-19,False,1978-09-10,user223@example.com,False,1
LID0224,+15750649568,2023-03-09,False,1993-04-29,user224@example.com,True,1
LID0225,+12860958635,2023-04-19,True,1995-05-03,user225@example.com,False,1
LID0226,+12589041167,2024-09-18,False,1987-04-07,user226@example.com,True,1
LID0227,+16798377562,2023-10-20,True,1977-09-24,user227@example.com,True,1
LID0228,+16548108812,2023-04-26,True,1993-10-23,user228@example.com,True,1
LID0229,+19306573160,2024-05-25,True,1975-10-28,user229@example.com,False,1
LID0230,+17309147485,2022-05-20,False,1997-08-16,user230@example.com,False,1
LID0231,+18206138701,2024-03-28,True,1991-01-21,user231@example.com,True,1
LID0232,+16298609132,2021-12-25,True,1991-04-24,user232@example.com,False,1
LID0233,+15694852138,2024-08-02,True,1978-09-23,user233@example.com,False,1
LID0234,+17365553982,2022-01-12,True,1996-03-01,user234@example.com,True,1
LID0235,+15570050194,2022-11-10,False,2000-01-30,user235@example.com,True,1
LID0236,+18630884811,2022-06-26,False,1996-10-05,user236@example.com,False,1
LID0237,+16409874808,2024-06-02,False,1995-07-15,user237@example.com,True,1
LID0238,+19539204429,2022-05-19,False,1989-05-02,user238@example.com,False,1
LID0239,+18907240536,2023-07-14,True,1977-01-19,user239@example.com,False,1
LID0240,+13458087066,2023-09-14,True,1980-02-24,user240@example.com,False,1
LID0241,+17990315702,2022-02-02,False,2003-10-08,user241@example.com,False,1
LID0242,+17627956157,2024-05-14,False,1981-12-25,user242@example.com,True,1
LID0243,+15477484485,2022-03-24,True,1980-12-10,user243@example.com,False,1
LID0244,+16799240003,2024-10-19,True,1977-09-02,user244@example.com,True,1
LID0245,+15871936015,2022-09-28,True,1988-06-01,user245@example.com,True,1
LID0246,+11342933859,2023-07-26,False,1992-05-26,user246@example.com,False,1
LID0247,+17223141689,2024-09-30,True,1983-02-02,user247@example.com,True,1
LID0248,+18947461640,2022-03-24,True,1980-02-14,user248@example.com,False,1
LID0249,+14029696452,2023-06-14,False,2003-07-14,user249@example.com,False,1
LID0250,+11674984866,2024-09-05,True,1975-12-11,user250@example.com,False,1
LID0251,+17747734817,2024-06-29,False,1995-03-31,user251@example.com,False,1
LID0252,+19678200826,2023-09-30,True,1990-09-16,user252@example.com,False,1
LID0253,+12808821077,2022-04-17,True,2002-05-18,user253@example.com,True,1
LID0254,+12376788737,2022-01-07,False,1996-03-18,user254@example.com,True,1
LID0255,+12494140300,2023-08-12,True,1992-04-10,user255@example.com,True,1
LID0256,+13579256601,2024-11-07,False,1984-03-23,user256@example.com,True,1
LID0257,+14747413058,2023-11-19,False,1988-08-09,user257@example.com,False,1
LID0258,+15032429749,2023-01-08,True,2000-12-06,user258@example.com,False,1
LID0259,+15086310217,2023-10-26,False,1976-09-16,user259@example.com,True,1
LID0260,+17965097844,2024-09-20,True,1990-02-20,user260@example.com,True,1
LID0261,+19252892616,2024-07-07,True,1995-08-29,user261@example.com,False,1
LID0262,+16437277238,2022-07-02,True,1996-03-28,user262@example.com,False,1
LID0263,+15092406946,2022-08-01,False,1998-11-21,user263@example.com,True,1
LID0264,+11275372259,2024-06-28,False,1976-05-16,user264@example.com,True,1
LID0265,+16757826695,2022-08-25,True,1978-03-22,user265@example.com,False,1
LID0266,+16492058982,2023-02-24,False,2003-02-17,user266@example.com,True,1
LID0267,+18541842440,2022-03-29,True,2002-01-09,user267@example.com,True,1
LID0268,+18834248423,2022-02-26,False,1976-10-20,user268@example.com,True,1
LID0269,+14441069217,2022-01-25,False,1992-09-04,user269@example.com,False,1
LID0270,+16218411063,2021-12-20,False,1994-04-08,user270@example.com,True,1
LID0271,+15288536278,2022-01-10,False,1979-08-25,user271@example.com,True,1
LID0272,+16370763265,2024-10-03,False,1997-04-23,user272@example.com,True,1
LID0273,+14226820236,2023-04-12,True,1992-06-20,user273@example.com,False,1
LID0274,+16352109422,2023-03-28,False,1995-03-10,user274@example.com,True,1
LID0275,+12198382522,2024-08-12,False,1995-08-15,user275@example.com,False,1
LID0276,+12313226058,2023-09-01,False,2000-10-14,user276@example.com,True,1
LID0277,+17661436829,2023-10-31,False,1979-06-04,user277@example.com,False,1
LID0278,+12018040576,2024-04-18,False,1997-09-04,user278@example.com,False,1
LID0279,+15567779296,2022-09-11,True,2001-06-22,user279@example.com,True,1
LID0280,+16035019188,2022-09-08,True,1976-05-11,user280@example.com,True,1
LID0281,+17252871789,2023-03-21,False,2003-07-30,user281@example.com,False,1
LID0282,+17038830669,2023-10-31,False,1980-09-14,user282@example.com,False,1
LID0283,+18095061469,2022-04-20,True,1987-06-15,user283@example.com,False,1
LID0284,+19903707928,2023-10-09,False,1977-08-14,user284@example.com,True,1
LID0285,+19966010374,2024-01-24,True,1995-04-26,user285@example.com,False,1
LID0286,+18391349891,2023-03-19,True,1992-10-22,user286@example.com,False,1
LID0287,+15682974250,2024-09-13,True,1982-11-12,user287@example.com,True,1
LID0288,+17407024631,2023-07-28,False,1979-06-22,user288@example.com,False,1
LID0289,+11833127461,2023-08-27,False,1992-06-29,user289@example.com,True,1
LID0290,+16019126295,2022-12-10,False,1984-07-04,user290@example.com,True,1
LID0291,+12547949225,2022-10-03,False,1994-02-26,user291@example.com,False,1
LID0292,+12349141389,2022-05-24,True,1989-01-22,user292@example.com,False,1
LID0293,+11166876276,2024-07-31,False,1998-12-04,user293@example.com,False,1
LID0294,+12161232878,2023-11-09,True,1990-10-05,user294@example.com,False,1
LID0295,+14906802099,2023-04-08,True,2001-10-13,user295@example.com,False,1
LID0296,+13050112628,2022-05-01,False,1978-01-23,user296@example.com,True,1
LID0297,+13604149241,2024-09-19,False,1980-06-10,user297@example.com,True,1
LID0298,+11858204986,2022-05-27,False,1975-03-31,user298@example.com,False,1
LID0299,+15601276043,2023-09-10,False,1976-12-19,user299@example.com,False,1
LID0300,+12782388217,2023-10-23,True,1999-05-20,user300@example.com,True,1
LID0301,+19732528915,2022-06-14,True,1998-05-30,user301@example.com,False,1
LID0302,+19709107708,2024-09-28,False,1990-02-06,user302@example.com,False,1
LID0303,+16847517265,2022-02-15,False,1979-04-24,user303@example.com,False,1
LID0304,+12752221975,2023-12-10,False,1996-05-16,user304@example.com,False,1
LID0305,+15853045242,2024-08-30,False,1990-07-20,user305@example.com,True,1
LID0306,+17085647435,2022-07-16,True,2000-10-19,user306@example.com,False,1
LID0307,+17096713786,2022-05-14,True,2000-12-02,user307@example.com,False,1
LID0308,+18051805577,2023-07-01,True,1996-04-05,user308@example.com,True,1
LID0309,+11469914464,2022-07-18,True,2000-09-22,user309@example.com,True,1
LID0310,+17075388966,2023-07-20,False,1981-02-19,user310@example.com,False,1
LID0311,+15412776819,2021-12-28,True,1976-08-03,user311@example.com,False,1
LID0312,+18605387465,2022-02-15,False,1987-02-01,user312@example.com,False,1
LID0313,+18682677180,2022-08-20,True,1989-04-05,user313@example.com,True,1
LID0314,+18363235956,2024-02-12,False,1981-03-25,user314@example.com,True,1
LID0315,+19240789308,2022-08-17,False,2001-04-12,user315@example.com,True,1
LID0316,+14086794444,2023-11-09,True,2002-12-10,user316@example.com,True,1
LID0317,+12279916291,2024-11-12,False,1998-03-15,user317@example.com,False,1
LID0318,+17031792530,2022-03-04,True,1980-03-21,user318@example.com,True,1
LID0319,+17436404823,2024-03-20,False,1975-10-25,user319@example.com,False,1
LID0320,+12245706275,2023-10-23,False,1985-11-27,user320@example.com,False,1
LID0321,+19006006580,2024-05-14,True,1991-06-16,user321@example.com,False,1
LID0322,+19759516164,2022-04-02,False,2004-03-23,user322@example.com,True,1
LID0323,+11495984482,2023-05-03,False,2002-05-02,user323@example.com,False,1
LID0324,+17221027220,2021-11-21,True,1998-08-07,user324@example.com,False,1
LID0325,+19493090946,2021-12-23,True,1986-12-03,user325@example.com,False,1
LID0326,+12088967623,2024-10-02,False,1978-04-08,user326@example.com,False,1
LID0327,+12778495672,2023-02-27,False,1981-10-02,user327@example.com,False,1
LID0328,+16464275825,2022-12-18,False,1976-12-17,user328@example.com,True,1
LID0329,+13271135599,2024-01-20,True,1986-06-25,user329@example.com,True,1
LID0330,+18403626709,2024-04-01,True,1997-05-01,user330@example.com,False,1
LID0331,+19315464663,2023-08-09,False,1990-06-04,user331@example.com,False,1
LID0332,+18549951430,2024-04-22,False,1988-12-22,user332@example.com,False,1
LID0333,+13992907260,2023-12-31,True,1997-11-20,user333@example.com,False,1
LID0334,+12630565853,2023-04-30,True,1997-12-15,user334@example.com,True,1
LID0335,+17895436004,2024-01-20,True,1976-05-14,user335@example.com,False,1
LID0336,+17512572718,2024-05-29,True,1987-09-05,user336@example.com,False,1
LID0337,+18648579977,2022-01-27,True,1998-12-10,user337@example.com,True,1
LID0338,+14358195085,2022-02-28,True,2000-10-01,user338@example.com,False,1
LID0339,+18188060106,2022-09-19,False,1978-02-28,user339@example.com,False,1
LID0340,+15941889682,2023-03-07,True,1992-01-09,user340@example.com,True,1
LID0341,+13047538433,2023-08-04,False,1986-11-24,user341@example.com,True,1
LID0342,+12001485202,2022-12-30,False,1998-05-12,user342@example.com,True,1
LID0343,+12322569113,2022-03-22,False,1985-08-28,user343@example.com,False,1
LID0344,+15761985973,2021-11-17,False,1979-01-19,user344@example.com,True,1
LID0345,+16857826874,2023-12-27,True,1975-02-24,user345@example.com,False,1
LID0346,+19776738440,2023-04-14,False,2003-12-23,user346@example.com,True,1
LID0347,+14864666485,2024-09-17,True,1997-07-03,user347@example.com,False,1
LID0348,+14995461818,2023-04-21,False,1981-04-06,user348@example.com,False,1
LID0349,+17199786799,2022-02-25,True,1983-01-16,user349@example.com,False,1
LID0350,+15226197437,2024-06-01,False,2004-04-25,user350@example.com,False,1
LID0351,+19148358245,2023-07-22,True,1999-03-19,user351@example.com,False,1
LID0352,+17541935503,2023-07-20,True,2001-03-18,user352@example.com,True,1
LID0353,+18710633020,2021-11-27,False,1995-01-29,user353@example.com,True,1
LID0354,+14508711897,2024-08-01,False,1997-11-04,user354@example.com,True,1
LID0355,+12942937627,2023-01-24,False,1987-02-26,user355@example.com,False,1
LID0356,+14683596870,2023-09-26,False,1976-07-03,user356@example.com,True,1
LID0357,+16935148578,2023-10-06,False,2003-09-08,user357@example.com,False,1
LID0358,+13710101183,2023-12-13,True,1977-05-19,user358@example.com,True,1
LID0359,+19764264630,2024-11-13,True,1991-10-17,user359@example.com,False,1
LID0360,+11640959918,2023-01-24,True,1976-04-18,user360@example.com,False,1
LID0361,+17428579108,2023-07-20,False,1979-08-19,user361@example.com,False,1
LID0362,+11953881636,2023-10-28,True,1995-11-18,user362@example.com,False,1
LID0363,+13592036386,2023-03-08,False,1993-09-24,user363@example.com,True,1
LID0364,+18554021250,2023-11-14,False,1984-09-07,user364@example.com,True,1
LID0365,+15703810160,2024-08-08,False,1989-04-13,user365@example.com,False,1
LID0366,+12564448155,2023-08-25,True,1981-12-21,user366@example.com,False,1
LID0367,+18118681246,2023-08-01,False,2004-08-10,user367@example.com,False,1
LID0368,+11390251127,2023-02-20,False,1989-04-13,user368@example.com,False,1
LID0369,+11321285314,2023-09-09,True,1993-09-06,user369@example.com,True,1
LID0370,+14942750514,2024-02-11,False,1977-02-20,user370@example.com,True,1
LID0371,+16370807431,2022-11-05,False,1977-01-04,user371@example.com,False,1
LID0372,+15123774499,2021-11-14,True,1987-08-02,user372@example.com,True,1
LID0373,+18268495119,2023-05-09,True,1986-01-12,user373@example.com,True,1
LID0374,+15221869114,2022-04-22,True,1978-03-14,user374@example.com,True,1
LID0375,+13639913372,2023-05-19,False,2001-01-24,user375@example.com,True,1
LID0376,+17574553084,2023-12-22,False,1985-07-08,user376@example.com,False,1
LID0377,+15748244886,2024-07-30,False,1976-08-30,user377@example.com,False,1
LID0378,+17575305402,2024-02-22,True,1997-03-27,user378@example.com,False,1
LID0379,+18951520550,2022-09-12,False,1987-11-11,user379@example.com,False,1
LID0380,+16776960161,2022-09-19,True,1996-07-23,user380@example.com,False,1
LID0381,+19753690191,2022-06-16,False,1984-05-07,user381@example.com,True,1
LID0382,+19709594316,2024-05-21,True,1983-11-09,user382@example.com,False,1
LID0383,+18024544568,2023-07-19,False,1987-05-05,user383@example.com,False,1
LID0384,+13087244872,2022-06-21,True,1975-12-28,user384@example.com,False,1
LID0385,+14346075774,2023-02-16,True,1984-07-11,user385@example.com,False,1
LID0386,+14885626984,2023-03-14,True,1999-11-20,user386@example.com,False,1
LID0387,+17023125207,2022-03-23,False,1996-07-29,user387@example.com,False,1
LID0388,+11665337239,2023-09-20,False,2003-04-23,user388@example.com,False,1
LID0389,+16892985057,2024-10-19,True,1993-05-15,user389@example.com,True,1
LID0390,+18900696290,2021-11-22,True,1989-07-22,user390@example.com,True,1
LID0391,+18803126053,2024-03-08,False,2000-02-13,user391@example.com,True,1
LID0392,+17590569792,2022-12-22,True,1989-05-08,user392@example.com,True,1
LID0393,+14945913333,2021-12-24,True,1989-12-17,user393@example.com,False,1
LID0394,+13932654645,2024-06-05,True,1984-06-11,user394@example.com,True,1
LID0395,+19771427919,2022-08-15,False,1975-07-25,user395@example.com,True,1
LID0396,+13995641793,2024-05-10,False,1991-12-23,user396@example.com,True,1
LID0397,+18507686904,2023-08-17,False,1993-02-18,user397@example.com,True,1
LID0398,+12524997264,2023-05-27,False,2002-06-11,user398@example.com,False,1
LID0399,+13843373173,2023-09-27,True,1982-11-08,user399@example.com,False,1
LID0400,+18899996981,2023-01-13,False,1979-12-21,user400@example.com,False,1
LID0401,+19077570276,2023-08-17,False,1996-01-17,user401@example.com,False,1
LID0402,+12144561529,2023-09-18,False,1983-02-17,user402@example.com,False,1
LID0403,+18366869529,2024-07-02,False,1988-07-21,user403@example.com,True,1
LID0404,+15773107972,2023-09-05,True,1990-03-07,user404@example.com,False,1
LID0405,+17962838482,2022-03-10,True,2001-11-11,user405@example.com,True,1
LID0406,+16148653989,2023-12-27,False,1984-04-02,user406@example.com,True,1
LID0407,+11539383609,2024-06-19,True,1977-01-22,user407@example.com,True,1
LID0408,+19912863057,2023-08-17,True,2003-05-15,user408@example.com,False,1
LID0409,+13723240310,2022-08-21,False,1990-04-30,user409@example.com,False,1
LID0410,+15008847698,2022-02-09,False,1991-08-18,user410@example.com,False,1
LID0411,+17716032518,2024-01-20,False,1994-08-03,user411@example.com,False,1
LID0412,+18907880536,2022-10-29,False,1996-01-28,user412@example.com,False,1
LID0413,+14536371609,2022-06-09,True,1980-07-13,user413@example.com,True,1
LID0414,+13587668454,2024-02-22,False,1995-02-05,user414@example.com,False,1
LID0415,+16059314801,2023-05-18,False,1987-07-12,user415@example.com,False,1
LID0416,+17425200316,2023-04-14,True,1990-06-10,user416@example.com,True,1
LID0417,+16561365981,2024-05-10,True,1993-05-02,user417@example.com,False,1
LID0418,+14425929926,2022-03-12,True,1999-12-05,user418@example.com,False,1
LID0419,+14589335060,2024-01-29,True,1980-02-15,user419@example.com,False,1
LID0420,+17816409247,2022-11-25,False,1976-06-26,user420@example.com,True,1
LID0421,+13367248694,2023-07-06,False,1978-05-03,user421@example.com,True,1
LID0422,+12899148878,2023-11-18,False,1976-01-24,user422@example.com,False,1
LID0423,+14139755047,2022-03-28,True,1992-08-28,user423@example.com,False,1
LID0424,+14572746702,2024-06-05,True,1985-02-28,user424@example.com,False,1
LID0425,+11525170106,2023-05-23,False,1979-02-22,user425@example.com,True,1
LID0426,+12939638320,2023-03-16,True,1975-08-08,user426@example.com,False,1
LID0427,+15014619483,2023-01-16,True,2002-09-11,user427@example.com,False,1
LID0428,+11034267304,2022-01-04,True,1989-06-12,user428@example.com,True,1
LID0429,+15661221603,2022-01-19,False,1986-07-20,user429@example.com,True,1
LID0430,+17980772942,2023-01-07,True,1978-05-27,user430@example.com,False,1
LID0431,+12193646554,2023-04-20,False,1991-11-30,user431@example.com,False,1
LID0432,+18922710118,2021-11-24,False,1976-12-16,user432@example.com,True,1
LID0433,+15554557653,2024-08-28,True,1996-10-11,user433@example.com,False,1
LID0434,+11607816729,2021-12-05,False,2000-12-05,user434@example.com,False,1
LID0435,+19091368551,2024-04-19,True,1980-10-02,user435@example.com,True,1
LID0436,+12120871862,2023-11-29,True,1981-12-01,user436@example.com,False,1
LID0437,+16920981842,2023-08-05,True,1992-08-30,user437@example.com,True,1
LID0438,+13217720756,2022-01-03,False,1975-11-22,user438@example.com,True,1
LID0439,+16620470580,2021-11-21,False,1984-08-02,user439@example.com,True,1
LID0440,+15973090222,2021-11-26,False,1987-09-06,user440@example.com,True,1
LID0441,+12207866608,2022-08-15,False,2003-01-15,user441@example.com,True,1
LID0442,+14420277784,2024-08-23,False,1976-07-26,user442@example.com,True,1
LID0443,+19321610848,2023-05-20,True,1990-06-15,user443@example.com,True,1
LID0444,+17883032213,2023-03-17,False,1981-10-07,user444@example.com,False,1
LID0445,+13419691336,2024-06-12,False,1981-10-01,user445@example.com,False,1
LID0446,+17161872738,2022-02-03,True,1975-04-12,user446@example.com,True,1
LID0447,+16023796157,2023-10-07,True,1989-02-16,user447@example.com,False,1
LID0448,+13341257132,2022-11-29,False,1998-06-07,user448@example.com,True,1
LID0449,+17552457011,2022-06-01,True,1993-10-11,user449@example.com,True,1
LID0450,+18328379767,2021-12-31,False,1983-08-02,user450@example.com,False,1
LID0451,+14166914121,2023-03-08,True,1988-09-22,user451@example.com,False,1
LID0452,+16425847516,2024-09-26,False,1975-05-21,user452@example.com,False,1
LID0453,+14274190773,2024-06-27,False,1994-05-04,user453@example.com,True,1
LID0454,+13204486514,2022-05-23,True,1989-07-19,user454@example.com,False,1
LID0455,+13030061883,2024-02-22,True,1974-12-12,user455@example.com,True,1
LID0456,+16785410585,2023-01-17,True,1994-04-10,user456@example.com,True,1
LID0457,+16373364189,2023-12-27,True,1991-10-22,user457@example.com,False,1
LID0458,+13761561211,2022-05-31,False,1994-05-31,user458@example.com,False,1
LID0459,+19162929190,2024-05-04,False,2001-12-05,user459@example.com,False,1
LID0460,+15315195370,2024-10-06,False,2001-11-09,user460@example.com,True,1
LID0461,+16172482165,2023-01-30,False,1984-09-07,user461@example.com,True,1
LID0462,+15038633381,2024-09-16,True,1985-12-06,user462@example.com,True,1
LID0463,+17980591517,2023-06-25,False,1992-04-10,user463@example.com,True,1
LID0464,+19817455247,2024-04-04,True,1984-10-11,user464@example.com,False,1
LID0465,+18275220134,2022-07-30,False,1987-11-08,user465@example.com,False,1
LID0466,+13778120318,2024-01-16,True,1981-12-02,user466@example.com,False,1
LID0467,+14095089774,2022-04-26,False,1984-07-07,user467@example.com,False,1
LID0468,+14706844147,2024-01-08,False,1985-09-09,user468@example.com,True,1
LID0469,+19295863479,2023-08-27,True,1990-02-14,user469@example.com,False,1
LID0470,+16181546289,2021-11-24,False,1979-04-22,user470@example.com,False,1
LID0471,+11904031695,2021-12-26,True,1976-05-06,user471@example.com,False,1
LID0472,+12822537165,2022-08-16,True,1988-10-04,user472@example.com,True,1
LID0473,+18289366126,2023-02-11,True,1977-04-24,user473@example.com,False,1
LID0474,+16325068909,2023-03-28,True,1977-03-23,user474@example.com,False,1
LID0475,+13486139751,2022-01-04,False,1997-11-10,user475@example.com,True,1
LID0476,+12272981545,2024-05-13,False,1997-09-14,user476@example.com,False,1
LID0477,+16130465849,2022-10-16,True,1990-10-20,user477@example.com,False,1
LID0478,+19961397449,2022-07-12,True,1984-05-29,user478@example.com,True,1
LID0479,+17370103690,2024-03-11,False,1992-08-23,user479@example.com,True,1
LID0480,+13379421677,2023-06-06,True,2000-11-13,user480@example.com,False,1
LID0481,+15753697878,2023-12-09,True,2001-01-14,user481@example.com,True,1
LID0482,+17559546776,2023-01-17,False,2000-10-28,user482@example.com,True,1
LID0483,+17126635507,2024-07-17,True,1991-12-15,user483@example.com,False,1
LID0484,+16195030771,2024-07-16,False,2004-05-07,user484@example.com,False,1
LID0485,+19648309501,2023-06-24,True,2002-06-22,user485@example.com,True,1
LID0486,+16905438676,2024-06-01,False,1996-09-29,user486@example.com,False,1
LID0487,+17939707933,2024-05-20,False,1981-09-03,user487@example.com,True,1
LID0488,+15714770906,2024-01-07,False,2003-04-22,user488@example.com,True,1
LID0489,+19390663699,2024-04-25,True,1993-07-17,user489@example.com,False,1
LID0490,+11776378044,2023-10-10,False,1975-08-17,user490@example.com,True,1
LID0491,+18663630630,2023-06-09,False,1999-01-23,user491@example.com,False,1
LID0492,+11600212543,2024-09-08,True,1976-11-24,user492@example.com,True,1
LID0493,+12523231170,2023-12-30,False,1982-12-01,user493@example.com,False,1
LID0494,+14225755602,2024-07-10,False,1976-10-17,user494@example.com,False,1
LID0495,+19858782989,2023-11-17,True,2004-05-02,user495@example.com,True,1
LID0496,+15847680145,2024-07-24,True,1998-07-03,user496@example.com,True,1
LID0497,+18002380491,2024-09-27,True,1996-04-27,user497@example.com,False,1
LID0498,+16113377614,2023-02-12,True,1976-05-31,user498@example.com,False,1
LID0499,+13007875503,2023-07-26,False,1984-07-10,user499@example.com,False,1
LID0500,+16341373966,2022-09-23,True,1977-03-01,user500@example.com,True,1
LID0501,+11298940083,2023-10-15,True,1995-01-12,user501@example.com,True,1
LID0502,+12413796092,2023-11-26,False,1987-06-23,user502@example.com,True,1
LID0503,+11783655631,2023-06-04,False,1983-01-13,user503@example.com,True,1
LID0504,+16223264615,2024-01-13,False,1980-09-11,user504@example.com,False,1
LID0505,+19869101510,2022-12-11,True,2000-09-11,user505@example.com,False,1
LID0506,+13257374802,2022-10-16,False,1990-12-27,user506@example.com,True,1
LID0507,+17391779884,2022-05-31,False,1997-02-06,user507@example.com,True,1
LID0508,+14010441881,2022-09-25,False,2001-10-27,user508@example.com,True,1
LID0509,+17608505862,2023-10-09,False,1987-12-08,user509@example.com,False,1
LID0510,+12479075220,2022-05-12,False,1993-07-14,user510@example.com,False,1
LID0511,+14670041690,2023-10-12,False,1998-09-08,user511@example.com,True,1
LID0512,+11547178559,2023-03-01,False,1986-07-25,user512@example.com,False,1
LID0513,+15874283497,2022-08-29,False,1991-03-17,user513@example.com,False,1
LID0514,+11405238654,2023-06-13,True,2003-05-09,user514@example.com,False,1
LID0515,+18788013717,2024-07-23,True,1989-10-13,user515@example.com,True,1
LID0516,+17844873691,2022-10-09,False,1992-11-07,user516@example.com,False,1
LID0517,+16936227447,2024-02-03,False,1996-03-16,user517@example.com,False,1
LID0518,+17493641284,2022-08-29,False,1995-05-03,user518@example.com,False,1
LID0519,+11639286303,2023-06-04,False,2004-06-03,user519@example.com,False,1
LID0520,+16406122019,2023-09-28,True,1997-07-31,user520@example.com,False,1
LID0521,+16223698954,2024-04-18,False,1980-12-06,user521@example.com,False,1
LID0522,+17457792157,2024-11-06,False,1979-12-06,user522@example.com,True,1
LID0523,+16977190069,2024-06-05,True,1991-12-21,user523@example.com,True,1
LID0524,+15961781383,2024-01-02,False,1989-09-02,user524@example.com,True,1
LID0525,+15081108918,2022-11-01,False,2002-11-07,user525@example.com,False,1
LID0526,+12218407476,2022-10-03,False,2003-12-05,user526@example.com,True,1
LID0527,+18286447440,2024-09-01,False,1979-11-15,user527@example.com,True,1
LID0528,+16227913956,2023-07-31,True,1976-12-23,user528@example.com,False,1
LID0529,+17323525594,2023-12-27,True,1977-07-28,user529@example.com,True,1
LID0530,+13883650351,2022-01-14,False,1990-11-19,user530@example.com,True,1
LID0531,+18316580515,2024-02-21,True,1979-07-30,user531@example.com,True,1
LID0532,+12905620717,2023-03-06,True,2003-11-23,user532@example.com,True,1
LID0533,+19454991170,2023-07-01,True,1999-01-10,user533@example.com,True,1
LID0534,+17865034855,2022-07-22,True,1977-04-21,user534@example.com,False,1
LID0535,+13327814074,2023-03-22,False,1981-04-12,user535@example.com,False,1
LID0536,+15164267115,2024-05-21,False,1981-05-22,user536@example.com,False,1
LID0537,+15818594869,2023-03-18,False,1992-03-14,user537@example.com,False,1
LID0538,+16070226575,2022-08-15,True,1979-08-20,user538@example.com,True,1
LID0539,+16780113794,2022-10-19,True,1978-10-24,user539@example.com,False,1
LID0540,+11604467138,2023-10-05,True,1975-03-06,user540@example.com,False,1
LID0541,+15704133757,2023-02-08,False,1983-06-18,user541@example.com,True,1
LID0542,+13389351211,2024-04-02,False,1977-02-05,user542@example.com,True,1
LID0543,+16477049613,2022-04-12,False,1980-10-24,user543@example.com,True,1
LID0544,+18276672009,2022-03-26,False,1993-12-28,user544@example.com,True,1
LID0545,+16224590173,2023-06-08,True,1997-01-16,user545@example.com,True,1
LID0546,+18946658203,2023-05-04,True,1978-03-22,user546@example.com,True,1
LID0547,+13453237879,2022-07-06,True,1999-02-18,user547@example.com,True,1
LID0548,+15897573415,2024-08-14,True,1989-03-16,user548@example.com,True,1
LID0549,+15301614133,2023-11-30,False,1997-06-03,user549@example.com,False,1
LID0550,+18749819408,2023-12-21,False,1982-04-23,user550@example.com,False,1
LID0551,+11681137996,2022-10-22,True,1982-11-18,user551@example.com,False,1
LID0552,+13087754167,2022-04-22,False,1975-09-09,user552@example.com,False,1
LID0553,+17783858934,2023-08-19,True,1991-06-28,user553@example.com,True,1
LID0554,+14258266503,2024-10-03,False,1976-12-03,user554@example.com,True,1
LID0555,+13036791110,2021-12-05,True,1977-10-23,user555@example.com,True,1
LID0556,+16330905019,2024-09-07,True,1994-10-17,user556@example.com,True,1
LID0557,+18625789002,2023-01-27,True,1997-09-20,user557@example.com,False,1
LID0558,+11778553287,2023-11-15,False,1981-09-05,user558@example.com,True,1
LID0559,+12594416978,2024-01-23,False,1975-02-28,user559@example.com,True,1
LID0560,+13154296574,2024-01-26,True,1977-04-13,user560@example.com,False,1
LID0561,+15944625655,2023-06-14,False,1975-02-04,user561@example.com,False,1
LID0562,+18906320769,2022-01-14,True,1994-07-21,user562@example.com,False,1
LID0563,+13161579721,2022-12-17,True,1995-08-20,user563@example.com,False,1
LID0564,+17723667068,2024-06-01,False,2000-02-01,user564@example.com,True,1
LID0565,+16757420911,2023-07-21,True,2004-05-19,user565@example.com,False,1
LID0566,+18570301266,2022-08-16,False,2001-07-06,user566@example.com,False,1
LID0567,+15810350026,2023-10-04,True,1978-10-22,user567@example.com,False,1
LID0568,+14791432620,2024-10-01,True,2000-07-21,user568@example.com,True,1
LID0569,+19416228647,2022-09-30,False,1975-03-08,user569@example.com,True,1
LID0570,+16955793474,2024-07-14,True,1984-02-09,user570@example.com,True,1
LID0571,+17587539312,2023-10-04,True,1998-02-14,user571@example.com,False,1
LID0572,+11759599672,2024-05-02,False,1984-01-25,user572@example.com,True,1
LID0573,+17366023824,2022-02-20,True,1993-05-16,user573@example.com,False,1
LID0574,+15078986003,2022-07-27,False,1996-08-17,user574@example.com,True,1
LID0575,+15445878991,2024-09-07,False,1995-07-30,user575@example.com,False,1
LID0576,+15075529500,2023-01-20,False,1983-10-27,user576@example.com,False,1
LID0577,+18983607314,2022-12-02,True,1982-09-03,user577@example.com,True,1
LID0578,+12298569652,2022-11-02,True,1976-12-24,user578@example.com,False,1
LID0579,+13084417265,2023-06-08,True,1999-10-30,user579@example.com,True,1
LID0580,+15408741003,2024-04-16,True,1989-12-12,user580@example.com,False,1
LID0581,+11947804166,2022-09-29,False,1996-01-19,user581@example.com,True,1
LID0582,+12744570901,2024-01-07,True,1997-07-28,user582@example.com,True,1
LID0583,+18362102756,2023-05-10,False,1996-03-15,user583@example.com,True,1
LID0584,+19295118288,2024-02-26,False,1978-12-22,user584@example.com,True,1
LID0585,+14611255492,2023-02-20,True,1989-10-18,user585@example.com,True,1
LID0586,+19398256959,2023-12-11,True,1988-12-19,user586@example.com,False,1
LID0587,+18613106807,2023-07-31,False,2002-05-18,user587@example.com,False,1
LID0588,+18061570636,2021-11-22,True,2003-06-05,user588@example.com,True,1
LID0589,+11269760603,2022-04-15,True,1982-01-06,user589@example.com,False,1
LID0590,+17818539076,2023-10-13,True,1995-10-16,user590@example.com,False,1
LID0591,+13908533753,2023-08-02,False,1992-03-13,user591@example.com,True,1
LID0592,+12685683758,2022-05-02,False,1985-08-08,user592@example.com,True,1
LID0593,+18032998155,2023-06-01,True,1985-06-04,user593@example.com,True,1
LID0594,+17305459824,2022-02-15,True,2003-09-18,user594@example.com,True,1
LID0595,+17586733383,2023-09-06,False,2002-01-29,user595@example.com,True,1
LID0596,+12039747549,2021-11-25,True,1992-04-15,user596@example.com,False,1
LID0597,+16836202619,2023-12-26,False,1994-03-04,user597@example.com,True,1
LID0598,+13143624155,2022-06-19,False,1997-04-27,user598@example.com,True,1
LID0599,+15654405324,2021-11-15,True,1991-10-04,user599@example.com,True,1
LID0600,+19218072206,2021-12-24,True,1991-06-02,user600@example.com,True,1
LID0601,+11218246462,2024-01-19,False,1981-08-06,user601@example.com,True,1
LID0602,+16702355730,2021-12-06,True,1979-02-12,user602@example.com,False,1
LID0603,+18183035873,2022-01-06,True,1980-08-09,user603@example.com,False,1
LID0604,+13377012743,2023-08-11,True,1989-04-08,user604@example.com,True,1
LID0605,+18330548649,2022-10-16,False,2001-07-04,user605@example.com,True,1
LID0606,+18504223651,2023-03-11,False,1980-02-03,user606@example.com,True,1
LID0607,+18959540899,2023-08-21,False,1982-08-01,user607@example.com,True,1
LID0608,+17295127772,2023-01-30,False,1988-06-18,user608@example.com,True,1
LID0609,+16143474511,2022-07-13,True,1975-04-01,user609@example.com,True,1
LID0610,+13785814180,2022-09-30,False,1998-02-06,user610@example.com,True,1
LID0611,+19863031776,2024-07-04,True,1994-05-10,user611@example.com,False,1
LID0612,+18314072534,2024-01-03,False,1993-11-19,user612@example.com,True,1
LID0613,+19088964623,2022-02-11,False,1994-12-19,user613@example.com,False,1
LID0614,+17339053993,2023-12-23,True,2000-07-06,user614@example.com,False,1
LID0615,+13497894020,2023-07-03,True,1975-01-14,user615@example.com,True,1
LID0616,+17924365734,2024-06-22,True,1975-08-03,user616@example.com,False,1
LID0617,+19609131928,2024-09-02,True,1998-06-11,user617@example.com,True,1
LID0618,+12272466967,2024-07-15,False,1996-10-16,user618@example.com,True,1
LID0619,+17329648720,2022-02-14,False,1994-04-22,user619@example.com,True,1
LID0620,+19076929852,2022-02-11,True,1996-11-27,user620@example.com,False,1
LID0621,+13968082504,2022-12-22,True,1996-04-19,user621@example.com,True,1
LID0622,+14199077617,2023-06-22,True,1976-12-22,user622@example.com,False,1
LID0623,+11704672438,2023-06-19,False,1976-03-18,user623@example.com,False,1
LID0624,+19392419685,2022-08-10,False,1996-11-25,user624@example.com,False,1
LID0625,+16742062934,2022-05-26,True,2002-05-25,user625@example.com,True,1
LID0626,+13028417643,2022-11-10,False,1980-11-08,user626@example.com,False,1
LID0627,+17934825954,2022-11-04,False,1977-10-02,user627@example.com,False,1
LID0628,+11348351239,2023-12-10,True,1976-07-10,user628@example.com,False,1
LID0629,+15654038247,2024-09-22,False,2002-10-17,user629@example.com,False,1
LID0630,+13455527339,2022-06-05,False,2002-02-23,user630@example.com,True,1
LID0631,+14023854636,2023-02-17,True,1987-07-20,user631@example.com,True,1
LID0632,+19648280036,2023-05-30,True,1984-11-27,user632@example.com,True,1
LID0633,+17789324690,2023-11-08,True,1984-11-12,user633@example.com,True,1
LID0634,+18394329861,2022-09-03,False,1977-06-29,user634@example.com,True,1
LID0635,+18853124022,2022-02-08,True,1987-08-08,user635@example.com,False,1
LID0636,+13090822845,2022-09-17,True,1989-03-02,user636@example.com,False,1
LID0637,+16756392268,2022-12-23,True,2004-03-15,user637@example.com,True,1
LID0638,+15835374915,2022-01-10,False,2004-11-15,user638@example.com,True,1
LID0639,+14235756779,2022-11-17,True,1982-11-04,user639@example.com,True,1
LID0640,+13919070283,2022-12-07,True,1991-08-05,user640@example.com,True,1
LID0641,+18118343404,2024-07-19,False,1998-05-20,user641@example.com,False,1
LID0642,+13095217962,2022-07-13,True,2002-01-20,user642@example.com,False,1
LID0643,+16225983620,2022-05-08,False,1997-01-18,user643@example.com,False,1
LID0644,+17711715134,2022-03-24,False,1986-12-28,user644@example.com,False,1
LID0645,+18285867364,2022-10-30,False,1976-09-17,user645@example.com,False,1
LID0646,+17291222139,2022-12-29,True,1990-06-21,user646@example.com,False,1
LID0647,+17056277420,2023-05-10,True,2000-03-27,user647@example.com,True,1
LID0648,+12226482054,2021-12-13,False,1993-11-17,user648@example.com,False,1
LID0649,+11348944179,2023-01-18,True,2000-05-26,user649@example.com,False,1
LID0650,+15040089361,2024-01-03,False,1995-04-02,user650@example.com,False,1
LID0651,+12447293480,2024-02-02,True,1999-06-02,user651@example.com,False,1
LID0652,+19459871629,2024-07-01,True,1983-09-10,user652@example.com,True,1
LID0653,+12443152243,2024-07-18,False,1986-06-10,user653@example.com,True,1
LID0654,+12383591268,2022-09-19,False,1993-11-30,user654@example.com,True,1
LID0655,+12785215946,2022-07-27,False,1982-03-16,user655@example.com,True,1
LID0656,+17408061901,2023-03-25,False,1995-06-03,user656@example.com,False,1
LID0657,+16270703713,2022-02-16,True,2000-04-16,user657@example.com,True,1
LID0658,+14247190252,2022-10-06,True,1995-01-19,user658@example.com,False,1
LID0659,+16901703138,2023-06-05,False,1998-05-27,user659@example.com,True,1
LID0660,+18528093169,2024-04-01,True,1985-09-03,user660@example.com,False,1
LID0661,+16010582521,2023-11-15,True,1993-10-21,user661@example.com,True,1
LID0662,+15514796500,2023-04-28,True,1997-03-30,user662@example.com,True,1
LID0663,+11535245614,2023-11-14,True,2003-06-26,user663@example.com,True,1
LID0664,+11890159243,2023-11-13,False,1977-05-25,user664@example.com,True,1
LID0665,+18165273533,2023-10-19,True,1994-04-02,user665@example.com,True,1
LID0666,+11480885441,2024-07-08,True,1977-01-19,user666@example.com,False,1
LID0667,+18900841684,2022-02-02,True,2003-12-16,user667@example.com,True,1
LID0668,+19208409867,2023-11-29,True,1995-12-08,user668@example.com,True,1
LID0669,+18287931602,2022-06-08,True,1993-11-07,user669@example.com,True,1
LID0670,+14337223211,2023-12-16,True,1986-06-06,user670@example.com,True,1
LID0671,+15900197626,2022-04-26,True,1987-05-30,user671@example.com,True,1
LID0672,+13087668727,2021-11-30,True,2000-08-19,user672@example.com,False,1
LID0673,+12447728644,2022-05-09,False,1988-11-03,user673@example.com,False,1
LID0674,+12730343058,2022-08-17,True,1977-06-04,user674@example.com,False,1
LID0675,+12749491947,2022-09-19,False,1988-04-08,user675@example.com,True,1
LID0676,+17221818099,2023-04-14,True,1979-08-21,user676@example.com,True,1
LID0677,+16266708561,2024-02-08,False,2004-08-14,user677@example.com,False,1
LID0678,+14993839981,2023-01-15,False,1977-01-19,user678@example.com,True,1
LID0679,+17931974385,2023-06-27,True,1985-08-13,user679@example.com,True,1
LID0680,+18681993024,2023-04-15,False,1989-10-31,user680@example.com,False,1
LID0681,+13521369545,2022-05-10,True,1984-10-23,user681@example.com,True,1
LID0682,+12722159938,2022-06-07,True,1999-02-12,user682@example.com,True,1
LID0683,+12244811935,2022-02-15,True,2001-08-22,user683@example.com,True,1
LID0684,+19998902886,2023-11-24,True,1993-01-27,user684@example.com,False,1
LID0685,+17223389716,2023-09-16,False,1985-10-03,user685@example.com,True,1
LID0686,+18741909816,2022-12-22,False,1989-03-21,user686@example.com,False,1
LID0687,+13883748940,2024-03-15,False,1980-08-24,user687@example.com,False,1
LID0688,+18734702872,2024-07-04,False,2004-11-14,user688@example.com,True,1
LID0689,+11776731437,2024-02-04,False,2004-04-27,user689@example.com,False,1
LID0690,+17050923230,2023-09-24,False,2000-01-30,user690@example.com,True,1
LID0691,+19326971430,2023-02-14,False,1980-02-24,user691@example.com,False,1
LID0692,+16549882126,2022-12-05,True,1995-03-11,user692@example.com,True,1
LID0693,+16679487778,2024-02-17,False,1989-01-23,user693@example.com,False,1
LID0694,+15873333806,2024-01-11,True,1998-04-03,user694@example.com,False,1
LID0695,+18818296630,2024-08-22,True,2003-06-15,user695@example.com,True,1
LID0696,+11471166730,2022-07-05,False,1996-10-26,user696@example.com,True,1
LID0697,+17211307717,2022-07-10,False,1997-03-03,user697@example.com,True,1
LID0698,+18844804201,2022-08-19,False,1995-09-05,user698@example.com,False,1
LID0699,+18743323020,2022-03-28,True,1990-06-15,user699@example.com,True,1
LID0700,+19111852796,2024-01-31,False,1977-03-08,user700@example.com,False,1
LID0701,+11346732595,2021-11-16,False,1982-03-23,user701@example.com,True,1
LID0702,+16817600847,2022-02-14,True,1993-12-29,user702@example.com,True,1
LID0703,+18276332701,2023-05-21,False,1990-03-02,user703@example.com,False,1
LID0704,+18480870177,2023-05-17,True,1982-06-23,user704@example.com,True,1
LID0705,+15589261010,2023-05-23,False,1979-10-03,user705@example.com,False,1
LID0706,+15165536921,2022-12-22,True,1979-08-22,user706@example.com,False,1
LID0707,+18797302252,2022-01-09,False,1999-12-14,user707@example.com,True,1
LID0708,+17214831411,2023-08-16,True,1998-03-09,user708@example.com,True,1
LID0709,+14021762709,2024-09-05,False,1990-09-01,user709@example.com,True,1
LID0710,+12814141231,2024-07-19,True,1997-07-16,user710@example.com,True,1
LID0711,+19043886677,2024-03-21,True,1977-10-24,user711@example.com,False,1
LID0712,+13840434718,2024-02-29,False,1979-04-07,user712@example.com,True,1
LID0713,+14289208988,2022-11-23,True,1978-03-31,user713@example.com,False,1
LID0714,+17459783814,2024-07-07,True,1988-05-18,user714@example.com,True,1
LID0715,+12848411293,2022-07-11,True,1976-02-16,user715@example.com,True,1
LID0716,+19920858857,2022-03-09,True,1996-10-06,user716@example.com,True,1
LID0717,+13953560199,2024-05-05,True,1986-10-01,user717@example.com,True,1
LID0718,+15432239527,2023-08-11,True,1996-09-22,user718@example.com,True,1
LID0719,+18222898224,2021-11-25,False,1997-06-13,user719@example.com,True,1
LID0720,+12896699105,2021-12-10,False,1997-09-28,user720@example.com,True,1
LID0721,+17822198377,2024-02-01,False,1989-03-05,user721@example.com,False,1
LID0722,+17548987123,2024-03-20,False,1998-05-11,user722@example.com,True,1
LID0723,+15302096819,2022-05-10,False,2004-05-06,user723@example.com,False,1
LID0724,+16731013849,2024-01-25,True,1998-11-04,user724@example.com,True,1
LID0725,+13847407226,2024-03-10,True,1994-03-27,user725@example.com,False,1
LID0726,+16109046912,2023-12-31,True,1984-12-10,user726@example.com,True,1
LID0727,+12687659750,2024-11-01,True,1990-11-24,user727@example.com,True,1
LID0728,+12845393678,2021-11-14,True,1984-11-24,user728@example.com,True,1
LID0729,+17678989962,2024-02-02,False,2000-08-05,user729@example.com,False,1
LID0730,+16403490888,2021-11-22,True,1986-09-27,user730@example.com,False,1
LID0731,+13559843416,2023-01-10,False,1990-12-21,user731@example.com,True,1
LID0732,+13154873890,2023-08-29,True,1999-01-27,user732@example.com,True,1
LID0733,+12825338779,2021-11-15,False,1988-09-11,user733@example.com,False,1
LID0734,+18600735973,2022-12-19,True,2003-09-28,user734@example.com,True,1
LID0735,+19103016349,2022-09-29,False,1995-04-17,user735@example.com,True,1
LID0736,+13400840312,2024-03-27,False,1983-11-26,user736@example.com,True,1
LID0737,+16114461323,2022-08-12,False,2001-12-27,user737@example.com,False,1
LID0738,+19769249062,2023-01-24,True,1995-03-13,user738@example.com,False,1
LID0739,+14832190935,2023-06-24,False,1999-05-11,user739@example.com,True,1
LID0740,+19547605195,2022-02-01,True,2001-09-23,user740@example.com,False,1
LID0741,+14445378311,2023-04-06,False,1990-04-13,user741@example.com,True,1
LID0742,+16214242662,2022-03-16,True,1975-03-20,user742@example.com,True,1
LID0743,+12980596192,2023-03-16,False,1996-12-20,user743@example.com,False,1
LID0744,+13086221562,2022-04-27,False,1983-10-01,user744@example.com,True,1
LID0745,+18810767118,2024-07-11,False,1983-03-25,user745@example.com,False,1
LID0746,+18805226828,2023-10-07,False,2000-01-22,user746@example.com,True,1
LID0747,+17409604838,2022-11-10,False,2004-04-25,user747@example.com,True,1
LID0748,+11293853594,2024-11-05,True,1982-11-10,user748@example.com,True,1
LID0749,+15066856431,2023-12-11,True,1997-05-31,user749@example.com,True,1
LID0750,+15815773364,2023-03-24,False,1984-01-01,user750@example.com,True,1
LID0751,+16107056142,2024-09-17,True,2001-06-26,user751@example.com,False,1
LID0752,+13009525805,2022-06-08,False,1999-01-01,user752@example.com,False,1
LID0753,+12462854709,2022-01-25,False,1975-06-25,user753@example.com,False,1
LID0754,+13420330977,2022-06-01,False,1988-01-07,user754@example.com,True,1
LID0755,+17555334957,2024-05-02,True,1999-08-12,user755@example.com,True,1
LID0756,+17614881315,2023-09-02,True,1977-02-01,user756@example.com,True,1
LID0757,+11837522390,2023-08-27,False,1988-01-11,user757@example.com,False,1
LID0758,+15754563647,2022-03-30,False,1985-08-01,user758@example.com,False,1
LID0759,+12253671945,2022-04-28,False,1977-06-02,user759@example.com,True,1
LID0760,+19158445067,2024-08-08,True,1985-06-18,user760@example.com,True,1
LID0761,+13603663894,2022-12-19,False,1978-03-03,user761@example.com,True,1
LID0762,+13416872246,2024-02-14,False,1983-02-08,user762@example.com,True,1
LID0763,+11270402415,2024-08-06,False,2001-01-23,user763@example.com,True,1
LID0764,+19080858311,2023-08-25,True,1986-06-02,user764@example.com,True,1
LID0765,+16317255259,2022-07-01,False,1992-02-19,user765@example.com,True,1
LID0766,+11914437711,2022-06-27,True,1999-04-03,user766@example.com,True,1
LID0767,+17792089029,2024-09-09,False,1998-08-18,user767@example.com,True,1
LID0768,+12873623166,2024-04-17,True,1979-04-03,user768@example.com,False,1
LID0769,+13187158954,2024-04-15,False,1982-08-04,user769@example.com,False,1
LID0770,+11323171897,2021-11-30,True,1985-04-12,user770@example.com,True,1
LID0771,+11022365384,2023-06-08,True,2000-10-19,user771@example.com,False,1
LID0772,+14648425186,2024-06-12,True,1996-04-03,user772@example.com,True,1
LID0773,+19452146799,2022-08-07,True,1999-06-05,user773@example.com,False,1
LID0774,+17967569131,2022-04-26,False,1982-04-09,user774@example.com,True,1
LID0775,+16251773611,2023-08-23,True,2002-10-06,user775@example.com,False,1
LID0776,+12526495393,2023-08-29,False,1986-01-21,user776@example.com,False,1
LID0777,+17769737882,2024-07-24,False,1978-11-07,user777@example.com,False,1
LID0778,+16721275486,2023-06-08,True,1993-11-16,user778@example.com,False,1
LID0779,+13218134612,2021-12-12,False,1978-01-19,user779@example.com,True,1
LID0780,+13849697419,2022-03-15,True,1988-05-17,user780@example.com,True,1
LID0781,+17070551371,2024-01-31,True,1978-09-01,user781@example.com,False,1
LID0782,+13835860109,2022-06-03,True,1980-01-23,user782@example.com,False,1
LID0783,+15167177052,2024-03-23,True,1992-06-13,user783@example.com,False,1
LID0784,+12620126034,2022-02-24,True,1975-04-20,user784@example.com,True,1
LID0785,+18206261032,2024-08-20,True,1983-12-29,user785@example.com,False,1
LID0786,+15487724217,2022-07-06,True,2002-04-22,user786@example.com,False,1
LID0787,+14562562862,2022-01-13,True,2001-04-27,user787@example.com,False,1
LID0788,+14547074908,2023-04-18,False,1983-08-20,user788@example.com,True,1
LID0789,+17193134174,2022-09-18,True,1983-02-15,user789@example.com,True,1
LID0790,+13211290703,2023-10-06,False,1994-08-29,user790@example.com,True,1
LID0791,+15578060470,2023-11-20,False,1997-12-21,user791@example.com,False,1
LID0792,+17309355530,2023-01-18,False,2003-02-20,user792@example.com,False,1
LID0793,+18010909467,2024-10-22,True,1983-06-20,user793@example.com,True,1
LID0794,+16119412462,2024-09-01,True,1979-02-17,user794@example.com,True,1
LID0795,+14853449140,2022-07-06,False,1997-07-16,user795@example.com,True,1
LID0796,+12682034050,2023-04-02,True,1980-07-13,user796@example.com,True,1
LID0797,+17390378999,2023-04-27,False,1979-05-04,user797@example.com,False,1
LID0798,+16747236789,2024-04-22,True,1992-02-15,user798@example.com,True,1
LID0799,+12950320948,2023-07-08,False,2003-03-14,user799@example.com,False,1
LID0800,+16688813476,2022-12-17,True,2004-03-03,user800@example.com,True,1
LID0801,+16792854223,2024-09-15,True,1984-09-04,user801@example.com,False,1
LID0802,+16904761673,2024-10-29,True,1992-01-30,user802@example.com,True,1
LID0803,+13652776524,2024-05-24,True,1986-02-13,user803@example.com,True,1
LID0804,+19785276298,2024-10-28,False,1985-01-07,user804@example.com,True,1
LID0805,+14236503009,2022-07-22,False,1989-09-19,user805@example.com,False,1
LID0806,+12407715157,2023-11-06,True,1991-11-12,user806@example.com,True,1
LID0807,+11441013548,2024-08-16,False,1989-12-28,user807@example.com,False,1
LID0808,+14490229931,2023-03-28,False,1978-03-30,user808@example.com,False,1
LID0809,+18793586258,2024-06-01,True,2004-04-09,user809@example.com,True,1
LID0810,+18051888670,2023-06-28,True,1997-10-23,user810@example.com,True,1
LID0811,+19506953800,2023-12-06,True,1980-11-23,user811@example.com,True,1
LID0812,+18565947393,2023-02-28,False,1997-12-21,user812@example.com,False,1
LID0813,+18280553581,2022-10-21,False,2004-10-22,user813@example.com,False,1
LID0814,+12255466121,2021-12-02,True,1975-05-05,user814@example.com,True,1
LID0815,+18150843316,2024-02-04,True,1982-07-08,user815@example.com,True,1
LID0816,+16954104186,2024-03-26,True,1981-03-12,user816@example.com,False,1
LID0817,+18511245431,2022-10-22,False,1988-09-27,user817@example.com,True,1
LID0818,+17243398883,2023-10-12,False,1982-10-02,user818@example.com,True,1
LID0819,+15202303829,2024-09-02,False,1984-12-13,user819@example.com,True,1
LID0820,+16478100509,2022-06-10,False,1992-01-04,user820@example.com,True,1
LID0821,+11080625255,2023-09-08,True,1997-03-22,user821@example.com,True,1
LID0822,+11722303177,2024-07-31,True,1994-03-03,user822@example.com,True,1
LID0823,+16733290760,2022-05-21,False,1993-04-09,user823@example.com,False,1
LID0824,+15961446793,2023-02-02,False,1996-07-06,user824@example.com,True,1
LID0825,+17744596165,2024-04-12,False,2001-07-10,user825@example.com,True,1
LID0826,+14933852903,2024-02-08,True,1997-09-24,user826@example.com,True,1
LID0827,+12919953293,2024-05-02,True,1996-04-01,user827@example.com,True,1
LID0828,+19113308609,2022-08-17,False,1999-02-04,user828@example.com,True,1
LID0829,+13623285547,2024-04-07,False,1999-05-17,user829@example.com,True,1
LID0830,+16735597492,2023-06-10,True,1988-07-29,user830@example.com,False,1
LID0831,+15625154932,2022-11-25,True,1983-05-16,user831@example.com,True,1
LID0832,+14447299097,2022-08-28,False,2004-11-04,user832@example.com,True,1
LID0833,+18663460672,2023-10-30,False,1989-04-07,user833@example.com,True,1
LID0834,+12584318129,2023-09-19,True,1996-05-15,user834@example.com,False,1
LID0835,+15933412248,2023-02-08,False,2001-07-12,user835@example.com,False,1
LID0836,+17872812375,2023-03-07,False,1994-06-27,user836@example.com,True,1
LID0837,+18930402287,2022-05-04,True,1976-01-03,user837@example.com,True,1
LID0838,+11308884962,2024-11-10,True,1980-02-04,user838@example.com,False,1
LID0839,+14100122777,2022-11-28,True,1989-02-10,user839@example.com,False,1
LID0840,+16556083904,2024-06-12,False,1977-01-25,user840@example.com,True,1
LID0841,+11918038192,2024-10-11,True,1982-05-05,user841@example.com,False,1
LID0842,+13496688746,2023-01-22,False,1975-04-04,user842@example.com,True,1
LID0843,+14637052133,2022-11-29,False,1976-02-22,user843@example.com,True,1
LID0844,+15349167219,2023-01-15,True,1978-02-13,user844@example.com,True,1
LID0845,+16857960113,2022-06-24,True,1991-10-13,user845@example.com,True,1
LID0846,+14434997712,2023-05-23,True,1986-02-12,user846@example.com,True,1
LID0847,+19408140226,2023-06-18,False,1995-05-22,user847@example.com,False,1
LID0848,+19237499649,2024-06-26,True,1995-06-08,user848@example.com,False,1
LID0849,+17094636928,2024-04-10,False,1977-12-02,user849@example.com,True,1
LID0850,+17147347334,2022-11-17,False,1985-07-19,user850@example.com,False,1
LID0851,+15312015740,2022-06-09,True,2003-02-18,user851@example.com,True,1
LID0852,+13986507722,2022-02-17,True,1990-12-18,user852@example.com,False,1
LID0853,+19327964712,2024-08-29,False,1994-12-29,user853@example.com,True,1
LID0854,+18031357262,2023-11-30,True,1986-10-04,user854@example.com,True,1
LID0855,+11104418068,2021-12-12,False,2002-04-27,user855@example.com,True,1
LID0856,+15009707652,2022-08-20,True,1975-09-28,user856@example.com,True,1
LID0857,+12536421579,2022-06-12,False,1990-04-20,user857@example.com,False,1
LID0858,+15665876916,2023-03-17,False,2003-05-10,user858@example.com,True,1
LID0859,+12426318704,2023-04-23,False,1980-04-04,user859@example.com,False,1
LID0860,+18486240156,2024-10-27,True,1989-11-21,user860@example.com,False,1
LID0861,+13051872923,2022-08-26,False,1998-12-03,user861@example.com,False,1
LID0862,+18817820960,2022-03-23,False,2002-12-17,user862@example.com,False,1
LID0863,+14003098650,2024-05-01,True,2001-08-03,user863@example.com,True,1
LID0864,+18778971994,2022-03-25,False,1982-11-27,user864@example.com,False,1
LID0865,+19441180568,2023-12-12,False,1985-01-06,user865@example.com,False,1
LID0866,+15098108629,2022-07-01,False,1977-09-05,user866@example.com,False,1
LID0867,+16817654510,2022-11-26,False,1977-02-18,user867@example.com,False,1
LID0868,+19809263462,2024-03-14,False,1976-07-09,user868@example.com,True,1
LID0869,+13531955866,2024-02-18,False,1976-07-20,user869@example.com,True,1
LID0870,+13736030237,2022-05-24,True,1979-03-08,user870@example.com,False,1
LID0871,+16871275168,2024-02-17,False,1994-07-30,user871@example.com,True,1
LID0872,+19888466726,2023-06-24,True,1989-07-13,user872@example.com,False,1
LID0873,+13877854636,2022-01-15,False,1992-01-15,user873@example.com,True,1
LID0874,+19940832010,2022-09-06,True,1989-02-17,user874@example.com,True,1
LID0875,+16823908734,2022-07-06,True,1989-07-07,user875@example.com,True,1
LID0876,+17677205656,2024-06-02,False,1989-04-02,user876@example.com,False,1
LID0877,+12746471482,2021-12-29,False,2002-04-11,user877@example.com,True,1
LID0878,+16790959894,2023-05-09,False,1992-08-11,user878@example.com,False,1
LID0879,+11062150250,2023-07-23,False,1976-10-13,user879@example.com,False,1
LID0880,+14295585885,2022-01-22,False,1986-08-29,user880@example.com,True,1
LID0881,+18641822004,2023-03-01,True,1993-10-14,user881@example.com,False,1
LID0882,+18173115038,2023-07-24,True,1981-06-05,user882@example.com,False,1
LID0883,+19488186958,2023-09-21,True,1991-04-24,user883@example.com,False,1
LID0884,+16534598498,2024-08-19,False,1978-07-18,user884@example.com,False,1
LID0885,+12115474003,2022-10-31,False,1993-10-29,user885@example.com,True,1
LID0886,+18244203223,2022-07-06,False,2001-04-11,user886@example.com,False,1
LID0887,+13910163581,2022-02-12,False,1982-01-24,user887@example.com,False,1
LID0888,+17941276242,2023-11-04,True,2000-01-27,user888@example.com,True,1
LID0889,+15720471370,2024-05-07,False,1996-09-06,user889@example.com,False,1
LID0890,+14111438048,2023-05-26,True,2000-01-19,user890@example.com,False,1
LID0891,+13454105316,2023-01-22,True,1980-02-17,user891@example.com,True,1
LID0892,+13488068446,2023-02-02,False,1977-05-15,user892@example.com,False,1
LID0893,+16609855971,2022-01-20,True,1978-08-07,user893@example.com,True,1
LID0894,+16527333589,2022-11-28,True,1998-11-24,user894@example.com,True,1
LID0895,+15852931364,2024-01-29,True,1986-01-06,user895@example.com,True,1
LID0896,+14048088621,2022-10-28,False,1990-03-14,user896@example.com,False,1
LID0897,+11157709581,2024-09-03,True,1999-09-29,user897@example.com,False,1
LID0898,+13426629428,2023-08-04,True,1992-02-07,user898@example.com,False,1
LID0899,+17592334731,2024-07-04,False,1991-01-11,user899@example.com,False,1
LID0900,+15229148341,2022-12-16,False,1995-02-10,user900@example.com,True,1
LID0901,+12443050501,2022-01-06,True,1993-07-02,user901@example.com,False,1
LID0902,+14023842859,2024-04-15,False,1998-07-04,user902@example.com,True,1
LID0903,+16214138750,2022-11-20,False,1987-11-29,user903@example.com,True,1
LID0904,+13672726242,2024-09-10,False,1983-08-09,user904@example.com,True,1
LID0905,+16688096419,2021-11-26,True,1993-02-27,user905@example.com,True,1
LID0906,+16404569868,2024-07-24,True,1979-09-12,user906@example.com,True,1
LID0907,+18811786671,2022-05-14,True,2001-02-17,user907@example.com,True,1
LID0908,+19290768090,2023-04-30,True,1988-11-01,user908@example.com,True,1
LID0909,+14810072077,2022-07-12,True,2004-08-11,user909@example.com,True,1
LID0910,+13126505003,2024-03-11,True,1983-10-18,user910@example.com,True,1
LID0911,+14632870923,2022-11-27,True,1980-04-30,user911@example.com,False,1
LID0912,+13087946373,2023-05-30,True,1977-04-23,user912@example.com,False,1
LID0913,+14811094389,2024-04-16,False,1983-07-22,user913@example.com,True,1
LID0914,+17408348591,2022-07-21,True,2004-05-12,user914@example.com,False,1
LID0915,+16807731089,2022-03-09,True,1997-01-12,user915@example.com,False,1
LID0916,+13106207764,2024-06-25,False,2000-04-18,user916@example.com,True,1
LID0917,+18205130835,2024-07-01,False,1976-07-31,user917@example.com,False,1
LID0918,+18214451133,2024-06-09,True,1991-07-08,user918@example.com,True,1
LID0919,+17968729734,2021-11-19,False,1990-04-23,user919@example.com,True,1
LID0920,+14982929926,2023-05-23,False,1976-11-16,user920@example.com,True,1
LID0921,+16073716009,2022-03-11,False,1977-03-02,user921@example.com,False,1
LID0922,+13767256005,2023-11-11,False,1977-10-15,user922@example.com,True,1
LID0923,+12644108645,2022-01-09,True,2002-06-04,user923@example.com,False,1
LID0924,+18994160416,2024-08-31,False,1985-06-23,user924@example.com,True,1
LID0925,+12726561827,2021-11-24,True,2001-08-27,user925@example.com,True,1
LID0926,+13864532778,2023-10-03,True,2003-03-28,user926@example.com,True,1
LID0927,+11137556419,2024-06-09,True,1992-10-08,user927@example.com,False,1
LID0928,+11471478609,2022-11-29,False,1993-04-17,user928@example.com,True,1
LID0929,+15896063996,2022-06-23,True,1979-06-02,user929@example.com,True,1
LID0930,+17471421398,2023-04-27,False,1980-03-07,user930@example.com,False,1
LID0931,+15036346524,2023-10-24,True,1983-01-11,user931@example.com,False,1
LID0932,+17348646494,2022-05-06,False,1975-06-18,user932@example.com,True,1
LID0933,+14477914075,2024-09-03,False,1990-09-12,user933@example.com,False,1
LID0934,+17745814404,2023-05-06,True,1990-08-21,user934@example.com,True,1
LID0935,+13309422944,2024-04-16,False,1995-02-16,user935@example.com,False,1
LID0936,+19804466980,2024-04-26,True,1982-03-08,user936@example.com,True,1
LID0937,+11809569537,2024-02-25,True,1990-08-12,user937@example.com,True,1
LID0938,+15802653573,2022-04-11,False,2003-10-25,user938@example.com,False,1
LID0939,+11749759827,2023-10-18,True,1975-11-01,user939@example.com,False,1
LID0940,+16644946122,2022-01-17,True,1998-03-11,user940@example.com,False,1
LID0941,+17006904782,2022-04-16,False,1990-09-02,user941@example.com,True,1
LID0942,+13042039798,2022-12-20,False,1994-10-09,user942@example.com,True,1
LID0943,+12868394438,2022-11-14,False,2002-11-29,user943@example.com,False,1
LID0944,+12219475534,2023-08-02,False,1981-11-02,user944@example.com,True,1
LID0945,+12357176576,2023-10-08,True,1980-07-02,user945@example.com,False,1
LID0946,+16368508771,2023-07-08,False,1977-02-28,user946@example.com,False,1
LID0947,+13971764471,2022-02-10,True,1991-08-01,user947@example.com,False,1
LID0948,+19258390419,2023-04-08,False,1985-08-09,user948@example.com,False,1
LID0949,+18213776409,2021-11-14,True,1995-08-06,user949@example.com,False,1
LID0950,+16991670824,2024-01-15,False,1995-02-08,user950@example.com,True,1
LID0951,+12547632888,2024-02-05,False,2002-01-06,user951@example.com,True,1
LID0952,+18212351359,2024-07-25,False,1986-01-23,user952@example.com,False,1
LID0953,+19092473415,2023-01-29,False,1999-08-02,user953@example.com,False,1
LID0954,+13428363714,2023-02-28,True,1994-12-21,user954@example.com,True,1
LID0955,+14560425710,2023-12-25,True,1993-05-25,user955@example.com,False,1
LID0956,+17227030616,2022-05-03,True,1985-12-11,user956@example.com,True,1
LID0957,+12837122422,2024-01-19,False,2001-06-02,user957@example.com,False,1
LID0958,+19813049263,2024-05-31,False,1999-08-02,user958@example.com,False,1
LID0959,+11747245115,2022-07-05,True,1995-06-12,user959@example.com,False,1
LID0960,+16980886901,2022-07-14,False,1986-06-21,user960@example.com,False,1
LID0961,+19807504072,2023-08-05,False,1998-03-27,user961@example.com,False,1
LID0962,+17908453158,2022-02-05,False,1999-04-15,user962@example.com,True,1
LID0963,+17157776627,2022-10-10,True,1988-06-26,user963@example.com,False,1
LID0964,+15836790062,2022-02-02,True,1996-09-17,user964@example.com,True,1
LID0965,+12535389899,2022-03-10,False,1999-10-17,user965@example.com,False,1
LID0966,+15193931799,2024-07-22,True,2003-12-04,user966@example.com,False,1
LID0967,+12286607185,2023-05-20,True,1990-05-10,user967@example.com,True,1
LID0968,+19574634900,2022-05-25,True,1989-07-15,user968@example.com,True,1
LID0969,+17653911777,2023-11-16,True,1989-04-21,user969@example.com,True,1
LID0970,+13101957734,2022-02-06,False,1993-09-08,user970@example.com,False,1
LID0971,+18753683850,2023-07-04,False,1980-12-30,user971@example.com,False,1
LID0972,+16004313998,2024-01-08,False,1995-03-09,user972@example.com,True,1
LID0973,+14233827450,2023-08-26,False,1981-08-10,user973@example.com,False,1
LID0974,+18675727207,2024-04-17,True,1983-06-03,user974@example.com,False,1
LID0975,+11925470209,2022-08-23,True,1985-02-02,user975@example.com,False,1
LID0976,+13958155726,2024-07-10,True,1990-04-15,user976@example.com,False,1
LID0977,+11928192843,2022-05-17,True,1975-10-25,user977@example.com,False,1
LID0978,+12495892104,2024-03-19,False,1987-08-18,user978@example.com,False,1
LID0979,+13276492992,2024-11-07,True,1985-12-28,user979@example.com,True,1
LID0980,+19002534880,2022-12-07,False,1979-04-26,user980@example.com,False,1
LID0981,+18830925842,2022-09-11,False,2002-05-13,user981@example.com,True,1
LID0982,+16226229894,2024-02-27,True,1990-12-30,user982@example.com,True,1
LID0983,+19380406594,2023-07-14,False,1990-05-01,user983@example.com,False,1
LID0984,+17346144262,2023-11-27,True,1978-02-10,user984@example.com,False,1
LID0985,+11363292364,2022-09-02,True,2002-03-01,user985@example.com,False,1
LID0986,+15325036708,2022-04-12,False,1997-07-15,user986@example.com,True,1
LID0987,+11703930911,2023-08-05,False,1987-06-28,user987@example.com,False,1
LID0988,+14041161553,2022-09-17,False,1992-10-25,user988@example.com,False,1
LID0989,+11728022332,2024-02-12,True,1991-06-29,user989@example.com,True,1
LID0990,+19886382764,2023-02-08,False,2003-08-15,user990@example.com,True,1
LID0991,+14309912538,2024-06-03,True,1976-07-26,user991@example.com,False,1
LID0992,+18119192477,2024-06-25,False,1986-02-25,user992@example.com,False,1
LID0993,+11312520199,2023-10-23,False,1985-09-19,user993@example.com,False,1
LID0994,+16400766131,2024-10-11,True,1982-08-08,user994@example.com,False,1
LID0995,+12968280613,2023-09-28,True,1996-03-13,user995@example.com,True,1
LID0996,+16562710477,2023-04-29,False,1990-09-16,user996@example.com,False,1
LID0997,+19937177493,2022-02-16,False,1985-01-28,user997@example.com,False,1
LID0998,+14105280689,2024-04-03,True,1985-03-18,user998@example.com,True,1
LID0999,+19705668130,2023-06-15,True,1978-11-14,user999@example.com,False,1
LID1000,+14602234490,2024-06-18,False,1994-12-07,user1000@example.com,False,1
